type,role,cpu_time_us,wall_time_us,cpu_to_wall_ratio,protocol_state_est_bytes,rss_peak_bytes,crypto_time_est_us,io_wait_us,residual_overhead_us
Section2,Responder,5136.76,184262.34,0.027877,14885,2699264,4852.74,75247.72,104161.87
Section32,Responder,9634.52,159107.39,0.060554,22194,2699264,9367.87,71361.89,78377.63
Section33,Responder,10720.42,332155.09,0.032275,22322,2699264,10059.99,170306.26,151788.85
Section34,Responder,5581.33,332689.25,0.016776,17349,2699264,5008.11,149833.57,177847.56
Section35,Responder,13597.31,316047.44,0.043023,24658,2699264,13019.70,140970.25,162057.48
