type,role,cpu_time_us,wall_time_us,cpu_to_wall_ratio,protocol_state_est_bytes,rss_peak_bytes,crypto_time_est_us,io_wait_us,residual_overhead_us
Section2,Initiator,7594.92,127445.49,0.059593,16965,2228224,7457.20,76913.50,43074.79
Section32,Initiator,13358.73,161637.72,0.082646,22194,2228224,13111.88,53985.91,94539.93
Section33,Initiator,17536.62,339006.98,0.051729,22322,2228224,16941.21,132944.88,189120.89
Section34,Initiator,15652.54,304201.47,0.051455,19429,2228224,15205.31,124872.90,164123.26
Section35,Initiator,4302.63,203814.96,0.021110,24658,2228224,4023.43,73602.38,126189.16
