type,role,cpu_time_us,wall_time_us,cpu_to_wall_ratio,protocol_state_est_bytes,rss_peak_bytes,crypto_time_est_us,io_wait_us,residual_overhead_us
Section2,Responder,5504.27,183219.74,0.030042,14885,3403776,5236.73,95241.14,82741.87
Section32,Responder,15096.43,209732.85,0.071979,22194,3403776,14799.90,101499.93,93433.02
Section33,Responder,12923.27,329487.24,0.039222,22322,3403776,12207.15,177395.09,139885.00
Section34,Responder,5104.56,276291.45,0.018475,17349,3403776,4686.30,123155.73,148449.43
Section35,Responder,16632.42,324176.06,0.051307,24658,3403776,16140.36,160622.26,147413.44
