type,role,cpu_time_us,wall_time_us,cpu_to_wall_ratio,protocol_state_est_bytes,rss_peak_bytes,crypto_time_est_us,io_wait_us,residual_overhead_us
Section2,Responder,3083.65,175107.87,0.017610,14885,2228224,2958.65,87897.95,84251.27
Section32,Responder,10608.10,156010.91,0.067996,22194,2228224,10380.73,79015.64,66614.54
Section33,Responder,10598.17,272414.85,0.038905,22322,2228224,10012.19,137457.04,124945.63
Section34,Responder,6513.31,277212.00,0.023496,17349,2228224,6142.74,158516.80,112552.47
Section35,Responder,7530.50,251832.77,0.029903,24658,2228224,7285.64,118639.06,125908.07
