type,role,cpu_time_us,wall_time_us,cpu_to_wall_ratio,protocol_state_est_bytes,rss_peak_bytes,crypto_time_est_us,io_wait_us,residual_overhead_us
Section2,Responder,3049.00,226792.93,0.013444,14885,1966080,2750.99,133669.96,90371.99
Section32,Responder,6855.85,140142.38,0.048921,22194,1966080,6683.75,40939.40,92519.24
Section33,Responder,10580.50,403748.04,0.026206,22322,1966080,10032.79,218759.97,174955.27
Section34,Responder,4006.10,267135.13,0.014997,17349,1966080,3548.08,134759.55,128827.50
Section35,Responder,13006.54,383686.70,0.033899,24658,1966080,11956.86,196182.33,175547.51
