type,role,cpu_time_us,wall_time_us,cpu_to_wall_ratio,protocol_state_est_bytes,rss_peak_bytes,crypto_time_est_us,io_wait_us,residual_overhead_us
Section2,Initiator,9742.80,1783759.66,0.005462,16965,3362816,9186.29,73063.58,1701509.79
Section32,Initiator,15359.54,2196549.42,0.006993,22194,3362816,14828.02,93294.08,2088427.31
Section33,Initiator,11080.56,2306594.40,0.004804,22322,3362816,10666.61,140967.08,2154960.71
Section34,Initiator,13857.33,2337475.02,0.005928,19429,3362816,12919.46,178466.88,2146088.68
Section35,Initiator,14521.83,2332647.44,0.006225,24658,3362816,13904.05,137965.24,2180778.15
