type,role,cpu_time_us,wall_time_us,cpu_to_wall_ratio,protocol_state_est_bytes,rss_peak_bytes,crypto_time_est_us,io_wait_us,residual_overhead_us
Section2,Initiator,6369.41,141628.60,0.044973,16965,2707456,6023.61,77601.01,58003.98
Section32,Initiator,10094.50,183568.62,0.054990,22194,2707456,9726.81,86379.93,87461.88
Section33,Initiator,12383.44,324244.30,0.038192,22322,2707456,11590.31,154043.16,158610.82
Section34,Initiator,14009.64,336935.71,0.041580,19429,2707456,13292.40,165747.03,157896.28
Section35,Initiator,13085.69,370012.26,0.035366,24658,2707456,12467.21,185656.55,171888.49
