type,role,cpu_time_us,wall_time_us,cpu_to_wall_ratio,protocol_state_est_bytes,rss_peak_bytes,crypto_time_est_us,io_wait_us,residual_overhead_us
Section2,Responder,4045.39,161280.82,0.025083,14885,2703360,3707.41,66965.86,90607.55
Section32,Responder,9777.95,175867.31,0.055598,22194,2703360,9384.77,70587.00,95895.55
Section33,Responder,11725.06,327013.46,0.035855,22322,2703360,11099.64,150381.91,165531.91
Section34,Responder,6825.64,334780.44,0.020388,17349,2703360,6138.80,149870.19,178771.45
Section35,Responder,15173.72,371804.05,0.040811,24658,2703360,14579.62,159358.65,197865.77
