type,role,cpu_time_us,wall_time_us,cpu_to_wall_ratio,protocol_state_est_bytes,rss_peak_bytes,crypto_time_est_us,io_wait_us,residual_overhead_us
Section2,Initiator,6486.83,160806.80,0.040339,16965,2228224,6072.09,73151.88,81582.83
Section32,Initiator,9118.81,166773.50,0.054678,22194,2228224,8711.29,69732.30,88329.91
Section33,Initiator,5429.35,260780.97,0.020820,22322,2228224,5064.87,146760.85,108955.24
Section34,Initiator,4312.98,262828.84,0.016410,19429,2228224,3856.97,119722.13,139249.73
Section35,Initiator,13992.48,316016.07,0.044278,24658,2228224,13265.53,123551.53,179199.02
