type,role,cpu_time_us,wall_time_us,cpu_to_wall_ratio,protocol_state_est_bytes,rss_peak_bytes,crypto_time_est_us,io_wait_us,residual_overhead_us
Section2,Initiator,5679.67,147191.29,0.038587,16965,2097152,5511.33,62017.56,79662.41
Section32,Initiator,11820.81,175882.28,0.067209,22194,2097152,11560.36,81163.77,83158.15
Section33,Initiator,11557.48,369755.82,0.031257,22322,2097152,10887.89,164143.88,194724.05
Section34,Initiator,9578.27,265346.20,0.036097,19429,2097152,9125.16,119782.65,136438.39
Section35,Initiator,13089.52,382754.54,0.034198,24658,2097152,12261.75,163518.08,206974.72
