type,role,cpu_time_us,wall_time_us,cpu_to_wall_ratio,protocol_state_est_bytes,rss_peak_bytes,crypto_time_est_us,io_wait_us,residual_overhead_us
Section2,Responder,5072.58,240503.67,0.021092,14885,2228224,4488.55,115639.66,120375.46
Section32,Responder,8495.92,147625.79,0.057550,22194,2228224,8124.13,60938.09,78563.57
Section33,Responder,7639.17,276461.92,0.027632,22322,2228224,7256.41,117470.35,151735.17
Section34,Responder,3308.42,256671.87,0.012890,17349,2228224,2988.50,129827.28,123856.08
Section35,Responder,12052.29,328028.15,0.036742,24658,2228224,11235.66,180100.97,136691.53
