type,role,cpu_time_us,wall_time_us,cpu_to_wall_ratio,protocol_state_est_bytes,rss_peak_bytes,crypto_time_est_us,io_wait_us,residual_overhead_us
Section2,Initiator,11787.15,154501.83,0.076291,16965,3403776,11534.76,59219.32,83747.74
Section32,Initiator,7409.97,208708.82,0.035504,22194,3403776,7111.52,86721.92,114875.37
Section33,Initiator,14130.01,330819.43,0.042712,22322,3403776,13553.31,126710.81,190555.31
Section34,Initiator,12127.38,288003.15,0.042108,19429,3403776,11346.71,136973.60,139682.83
Section35,Initiator,12486.62,311200.39,0.040124,24658,3403776,11780.37,135887.55,163532.46
