type,role,cpu_time_us,wall_time_us,cpu_to_wall_ratio,protocol_state_est_bytes,rss_peak_bytes,crypto_time_est_us,io_wait_us,residual_overhead_us
Section2,Initiator,5024.81,130929.94,0.038378,16965,2097152,4837.79,78956.93,47135.22
Section32,Initiator,12501.58,211251.29,0.059179,22194,2097152,12106.62,104107.71,95036.96
Section33,Initiator,15264.29,349887.37,0.043626,22322,2097152,14442.99,173999.43,161444.94
Section34,Initiator,19180.29,342076.65,0.056070,19429,2097152,18196.25,186351.17,137529.23
Section35,Initiator,14397.63,291568.62,0.049380,24658,2097152,13322.52,138717.24,139528.86
