type,role,cpu_time_us,wall_time_us,cpu_to_wall_ratio,protocol_state_est_bytes,rss_peak_bytes,crypto_time_est_us,io_wait_us,residual_overhead_us
Section2,Initiator,5622.59,64504.59,0.087166,16965,2162688,5568.25,50102.63,8833.71
Section32,Initiator,7028.76,28050.53,0.250575,22194,2162688,6957.76,7687.76,13405.01
Section33,Initiator,5025.04,172085.86,0.029201,22322,2162688,4940.20,58156.34,108989.32
Section34,Initiator,5170.09,219916.75,0.023509,19429,2162688,5093.78,101311.59,113511.39
Section35,Initiator,10251.64,184496.02,0.055566,24658,2162688,10146.62,58129.93,116219.47
