type,role,cpu_time_us,wall_time_us,cpu_to_wall_ratio,protocol_state_est_bytes,rss_peak_bytes,crypto_time_est_us,io_wait_us,residual_overhead_us
Section2,Responder,2819.37,180089.62,0.015655,14885,2228224,2634.20,70793.61,106661.81
Section32,Responder,19636.17,204064.98,0.096225,22194,2228224,19320.51,68263.84,116480.64
Section33,Responder,11420.48,348792.02,0.032743,22322,2228224,10560.73,149915.24,188316.05
Section34,Responder,7647.90,352999.36,0.021665,17349,2228224,6698.33,141938.55,204362.48
Section35,Responder,18369.67,309122.71,0.059425,24658,2228224,17676.77,139662.63,151783.30
