type,role,cpu_time_us,wall_time_us,cpu_to_wall_ratio,protocol_state_est_bytes,rss_peak_bytes,crypto_time_est_us,io_wait_us,residual_overhead_us
Section2,Initiator,11425.00,73253.10,0.155966,16965,1654784,11341.67,50577.05,11334.39
Section32,Initiator,11993.51,37174.41,0.322628,22194,1654784,11906.78,8236.90,17030.73
Section33,Initiator,9609.24,161355.47,0.059553,22322,1654784,9450.17,58919.22,92986.09
Section34,Initiator,8493.45,204894.01,0.041453,19429,1654784,8366.31,101759.83,94767.87
Section35,Initiator,11369.78,193509.58,0.058756,24658,1654784,11206.67,59794.82,122508.08
