type,role,cpu_time_us,wall_time_us,cpu_to_wall_ratio,protocol_state_est_bytes,rss_peak_bytes,crypto_time_est_us,io_wait_us,residual_overhead_us
Section2,Initiator,4166.61,67923.76,0.061342,16965,1654784,4103.89,50454.15,13365.72
Section32,Initiator,7939.80,29640.20,0.267873,22194,1654784,7873.03,9025.96,12741.21
Section33,Initiator,5719.59,139538.35,0.040989,22322,1654784,5630.24,58286.80,75621.32
Section34,Initiator,6988.04,240911.46,0.029007,19429,1654784,6901.71,100575.24,133434.51
Section35,Initiator,5515.91,201033.52,0.027438,24658,1654784,5410.25,59339.68,136283.58
