type,role,cpu_time_us,wall_time_us,cpu_to_wall_ratio,protocol_state_est_bytes,rss_peak_bytes,crypto_time_est_us,io_wait_us,residual_overhead_us
Section2,Initiator,7423.87,69037.86,0.107533,16965,1654784,7395.96,50082.74,11559.16
Section32,Initiator,6125.66,32132.61,0.190637,22194,1654784,6093.15,8973.13,17066.33
Section33,Initiator,5590.65,165068.06,0.033869,22322,1654784,5539.11,58127.72,101401.24
Section34,Initiator,6947.31,241270.76,0.028795,19429,1654784,6876.11,100960.86,133433.79
Section35,Initiator,11520.52,192235.47,0.059929,24658,1654784,11431.64,56237.94,124565.89
