type,role,cpu_time_us,wall_time_us,cpu_to_wall_ratio,protocol_state_est_bytes,rss_peak_bytes,crypto_time_est_us,io_wait_us,residual_overhead_us
Section2,Responder,5685.02,231661.24,0.024540,14885,1966080,5254.20,90879.44,135527.60
Section32,Responder,12146.96,217793.58,0.055773,22194,1966080,11679.66,99360.09,106753.83
Section33,Responder,7582.58,283516.84,0.026745,22322,1966080,7108.39,156767.94,119640.50
Section34,Responder,7890.73,256888.34,0.030717,17349,1966080,7260.10,101895.80,147732.44
Section35,Responder,7555.35,210469.11,0.035898,24658,1966080,7048.56,99297.90,104122.65
