type,role,cpu_time_us,wall_time_us,cpu_to_wall_ratio,protocol_state_est_bytes,rss_peak_bytes,crypto_time_est_us,io_wait_us,residual_overhead_us
Section2,Initiator,6165.87,65620.73,0.093962,16965,2179072,6078.92,50467.11,9074.71
Section32,Initiator,7800.44,35668.32,0.218694,22194,2179072,7694.88,7997.16,19976.27
Section33,Initiator,10805.58,173830.68,0.062162,22322,2179072,10679.96,57365.52,105785.20
Section34,Initiator,12000.11,236108.48,0.050825,19429,2179072,11907.21,101620.81,122580.46
Section35,Initiator,9916.12,213043.17,0.046545,24658,2179072,9772.69,58941.33,144329.15
