type,role,cpu_time_us,wall_time_us,cpu_to_wall_ratio,protocol_state_est_bytes,rss_peak_bytes,crypto_time_est_us,io_wait_us,residual_overhead_us
Section2,Initiator,9194.40,137111.19,0.067058,16965,2228224,8761.71,69405.18,58944.30
Section32,Initiator,16460.06,197602.69,0.083299,22194,2228224,16056.18,91199.94,90346.57
Section33,Initiator,13045.00,307652.07,0.042402,22322,2228224,12600.05,106976.41,188075.61
Section34,Initiator,9649.79,265120.45,0.036398,19429,2228224,8903.71,138399.20,117817.54
Section35,Initiator,5436.75,213771.35,0.025433,24658,2228224,5137.43,98885.63,109748.28
