type,role,cpu_time_us,wall_time_us,cpu_to_wall_ratio,protocol_state_est_bytes,rss_peak_bytes,crypto_time_est_us,io_wait_us,residual_overhead_us
Section2,Responder,3868.67,68578.26,0.056412,14885,2228224,3667.62,2370.33,62540.31
Section32,Responder,13587.81,35714.89,0.380452,22194,2228224,13340.04,679.87,21694.98
Section33,Responder,13423.29,187151.54,0.071724,22322,2228224,12912.76,95474.99,78763.79
Section34,Responder,7640.06,245434.23,0.031129,17349,2228224,7160.40,114164.06,124109.77
Section35,Responder,14099.17,211815.48,0.066563,24658,2228224,13635.20,118159.70,80020.58
