type,role,cpu_time_us,wall_time_us,cpu_to_wall_ratio,protocol_state_est_bytes,rss_peak_bytes,crypto_time_est_us,io_wait_us,residual_overhead_us
Section2,Initiator,6829.29,134452.90,0.050793,16965,2097152,6580.58,65166.55,62705.77
Section32,Initiator,13531.83,144677.95,0.093531,22194,2097152,13293.40,52567.17,78817.38
Section33,Initiator,2848.44,205645.40,0.013851,22322,2097152,2709.21,104491.50,98444.70
Section34,Initiator,2085.27,218366.43,0.009549,19429,2097152,1936.67,108891.75,107538.01
Section35,Initiator,5726.44,195638.02,0.029271,24658,2097152,5490.51,78965.72,111181.79
