type,role,cpu_time_us,wall_time_us,cpu_to_wall_ratio,protocol_state_est_bytes,rss_peak_bytes,crypto_time_est_us,io_wait_us,residual_overhead_us
Section2,Responder,3968.85,164345.08,0.024150,14885,2097152,3786.67,88956.10,71602.31
Section32,Responder,8852.00,149110.39,0.059365,22194,2097152,8603.88,74854.67,65651.84
Section33,Responder,2649.08,150593.48,0.017591,22322,2097152,3128.16,61244.99,86220.33
Section34,Responder,2312.79,215508.58,0.010732,17349,2097152,2140.33,105564.01,107804.24
Section35,Responder,4154.81,208117.28,0.019964,24658,2097152,3951.65,107323.41,96842.22
