type,role,cpu_time_us,wall_time_us,cpu_to_wall_ratio,protocol_state_est_bytes,rss_peak_bytes,crypto_time_est_us,io_wait_us,residual_overhead_us
Section2,Responder,5912.02,71971.20,0.082144,14885,2228224,5703.97,2059.73,64207.50
Section32,Responder,8024.72,33523.82,0.239374,22194,2228224,7885.65,5113.23,20524.94
Section33,Responder,13858.39,151258.07,0.091621,22322,2228224,13558.80,76637.44,61061.84
Section34,Responder,7533.06,241370.69,0.031209,17349,2228224,7129.50,115779.85,118461.34
Section35,Responder,15841.10,194670.67,0.081374,24658,2228224,15505.87,98337.99,80826.81
