type,role,cpu_time_us,wall_time_us,cpu_to_wall_ratio,protocol_state_est_bytes,rss_peak_bytes,crypto_time_est_us,io_wait_us,residual_overhead_us
Section2,Initiator,4128.55,67360.48,0.061290,16965,2179072,4101.19,50199.39,13059.91
Section32,Initiator,6705.41,39976.33,0.167735,22194,2179072,6667.86,8604.70,24703.78
Section33,Initiator,5733.09,178614.85,0.032098,22322,2179072,5682.77,60118.59,112813.50
Section34,Initiator,11040.11,230892.92,0.047815,19429,2179072,10972.71,104273.83,115646.38
Section35,Initiator,14438.70,226666.99,0.063700,24658,2179072,14351.14,61905.79,150410.06
