type,role,cpu_time_us,wall_time_us,cpu_to_wall_ratio,protocol_state_est_bytes,rss_peak_bytes,crypto_time_est_us,io_wait_us,residual_overhead_us
Section2,Responder,1750.47,66870.25,0.026177,14885,2228224,1641.22,3074.25,62154.79
Section32,Responder,5928.83,28130.29,0.210763,22194,2228224,5728.10,1919.94,20482.25
Section33,Responder,13336.16,186444.09,0.071529,22322,2228224,12969.26,101109.77,72365.05
Section34,Responder,6811.58,220462.52,0.030897,17349,2228224,6420.38,96769.97,117272.17
Section35,Responder,14866.42,180136.97,0.082528,24658,2228224,14410.14,86543.16,79183.68
